,,,,,Games,Games,Passing,Passing,Passing,Passing,Passing,Rushing,Rushing,Rushing,Rushing,Receiving,Receiving,Receiving,Receiving,Receiving,Fumbles,Fumbles,Scoring,Scoring,Scoring,Fantasy,Fantasy,Fantasy,Fantasy,Fantasy,Fantasy,Fantasy,-additional
Rk,Player,Tm,FantPos,Age,G,GS,Cmp,Att,Yds,TD,Int,Att,Yds,Y/A,TD,Tgt,Rec,Yds,Y/R,TD,Fmb,FL,TD,2PM,2PP,FantPt,PPR,DKPt,FDPt,VBD,PosRank,OvRank,-9999
1,Justin Jefferson,MIN,WR,23,1,1,0,0,0,0,0,0,0,,0,11,9,184,20.44,2,0,0,2,,,30,39.4,42.4,34.9,22,1,1,JeffJu00
2,Saquon Barkley,NYG,RB,25,1,1,0,0,0,0,0,18,164,9.11,1,7,6,30,5.00,0,1,0,1,1,,27,33.4,36.4,30.4,19,1,2,BarkSa00
3,Patrick Mahomes,KAN,QB,27,1,1,30,39,360,5,0,3,5,1.67,0,0,0,0,,0,1,0,0,,,35,34.9,37.9,34.9,17,1,3,MahoPa00
4,Jonathan Taylor,IND,RB,23,1,1,0,0,0,0,0,31,161,5.19,1,7,4,14,3.50,0,0,0,1,,,24,27.5,30.5,25.5,15,2,4,TaylJo02
5,D'Andre Swift,DET,RB,23,1,1,0,0,0,0,0,15,144,9.60,1,3,3,31,10.33,0,0,0,1,,,24,26.5,29.5,25.0,15,3,5,SwifDA00
6,Josh Allen,BUF,QB,26,1,1,26,31,297,3,2,10,56,5.60,1,0,0,0,,0,0,0,1,,,31,31.5,33.5,33.5,13,2,6,AlleJo02
7,Travis Kelce,KAN,TE,33,1,1,0,0,0,0,0,0,0,,0,9,8,121,15.13,1,0,0,1,,,18,26.1,29.1,22.1,12,1,7,KelcTr00
8,Davante Adams,LVR,WR,30,1,1,0,0,0,0,0,0,0,,0,17,10,141,14.10,1,0,0,1,,,20,30.1,33.1,25.1,12,2,8,AdamDa01
9,Cordarrelle Patterson,ATL,RB,31,1,0,0,0,0,0,0,22,120,5.45,1,5,3,16,5.33,0,0,0,1,,,20,22.6,25.6,21.1,11,4,9,PattCo00
10,Clyde Edwards-Helaire,KAN,RB,23,1,1,0,0,0,0,0,7,42,6.00,0,3,3,32,10.67,2,0,0,2,,,19,22.4,22.4,20.9,11,5,10,EdwaCl00
11,Ja'Marr Chase,CIN,WR,22,1,1,0,0,0,0,0,0,0,,0,16,10,129,12.90,1,0,0,1,,,19,28.9,31.9,23.9,10,3,11,ChasJa00
12,Cooper Kupp,LAR,WR,29,1,1,0,0,0,0,0,0,0,,0,15,13,128,9.85,1,0,0,1,,,19,31.8,34.8,25.3,10,4,12,KuppCo00
13,Kareem Hunt,CLE,RB,27,1,0,0,0,0,0,0,11,46,4.18,1,4,4,24,6.00,1,0,0,2,,,19,23.0,23.0,21.0,10,6,13,HuntKa00
14,Dontrell Hilliard,TEN,RB,27,1,0,0,0,0,0,0,2,8,4.00,0,4,3,61,20.33,2,0,0,2,,,19,21.9,21.9,20.4,10,8,14,HillDo00
15,James Robinson,JAX,RB,24,1,1,0,0,0,0,0,11,66,6.00,1,2,1,3,3.00,1,0,0,2,,,19,19.9,19.9,19.4,10,7,15,RobiJa00
16,O.J. Howard,HOU,TE,28,1,0,0,0,0,0,0,0,0,,0,2,2,38,19.00,2,0,0,2,,,16,17.8,17.8,16.8,10,2,16,HowaO.00
17,Stefon Diggs,BUF,WR,29,1,1,0,0,0,0,0,0,0,,0,9,8,122,15.25,1,0,0,1,,,18,26.2,29.2,22.2,10,5,17,DiggSt00
18,Michael Pittman Jr.,IND,WR,25,1,1,0,0,0,0,0,0,0,,0,13,9,121,13.44,1,0,0,1,,,18,27.1,30.1,22.6,10,6,18,PittMi01
19,Carson Wentz,WAS,QB,30,1,1,27,41,313,4,2,6,12,2.00,0,0,0,0,,0,0,0,0,,1,28,27.7,32.7,29.7,10,3,19,WentCa00
20,Michael Thomas,NOR,WR,29,1,1,0,0,0,0,0,0,0,,0,8,5,57,11.40,2,0,0,2,,,18,22.7,22.7,20.2,9,7,20,ThomMi05
21,Devin Duvernay,BAL,WR,25,1,1,0,0,0,0,0,0,0,,0,4,4,54,13.50,2,0,0,2,,,17,21.4,21.4,19.4,9,8,21,DuveDe00
22,Taysom Hill,NOR,TE,32,1,1,0,0,0,0,0,4,81,20.25,1,1,1,2,2.00,0,0,0,1,,,14,15.3,15.3,14.8,8,3,22,HillTa00
23,Miles Sanders,PHI,RB,25,1,1,0,0,0,0,0,13,96,7.38,1,2,2,9,4.50,0,0,0,1,,,17,18.5,18.5,17.5,8,9,23,SandMi01
24,Jerry Jeudy,DEN,WR,23,1,1,0,0,0,0,0,0,0,,0,7,4,102,25.50,1,0,0,1,,,16,20.2,23.2,18.2,8,10,24,JeudJe00
25,Robbie Anderson,CAR,WR,29,1,1,0,0,0,0,0,0,0,,0,8,5,102,20.40,1,0,0,1,,,16,21.2,24.2,18.7,8,9,25,AndeRo04
26,A.J. Brown,PHI,WR,25,1,1,0,0,0,0,0,0,0,,0,13,10,155,15.50,0,0,0,0,,,16,25.5,28.5,20.5,7,11,26,BrowAJ00
27,Jalen Hurts,PHI,QB,24,1,1,18,32,243,0,0,17,90,5.29,1,0,0,0,,0,0,0,1,,,25,24.7,24.7,24.7,7,4,27,HurtJa00
28,Jahan Dotson,WAS,WR,22,1,1,0,0,0,0,0,1,-10,-10.00,0,5,3,40,13.33,2,0,0,2,,,15,18.0,18.0,16.5,6,12,28,DotsJa00
29,AJ Dillon,GNB,RB,24,1,0,0,0,0,0,0,10,45,4.50,1,6,5,46,9.20,0,0,0,1,,,15,20.1,20.1,17.6,6,10,29,DillAJ00
30,Gabriel Davis,BUF,WR,23,1,1,0,0,0,0,0,0,0,,0,5,4,88,22.00,1,0,0,1,,,15,18.8,18.8,16.8,6,13,30,DaviGa01
31,Jamaal Williams,DET,RB,27,1,0,0,0,0,0,0,11,28,2.55,2,2,1,2,2.00,0,0,0,2,,,15,16.0,16.0,15.5,6,11,31,WillJa06
32,Joe Mixon,CIN,RB,26,1,1,0,0,0,0,0,27,82,3.04,0,9,7,63,9.00,0,0,0,0,,,15,21.5,21.5,18.0,6,12,32,MixoJo00
33,Nick Chubb,CLE,RB,27,1,1,0,0,0,0,0,22,141,6.41,0,1,1,2,2.00,0,0,0,0,,,14,15.3,18.3,14.8,6,13,33,ChubNi00
34,Gerald Everett,LAC,TE,28,1,1,0,0,0,0,0,0,0,,0,4,3,54,18.00,1,0,0,1,,,11,14.4,14.4,12.9,5,4,34,EverGe00
35,Jaylen Waddle,MIA,WR,24,1,1,0,0,0,0,0,1,8,8.00,0,5,4,69,17.25,1,0,0,1,,,14,17.7,17.7,15.7,5,14,35,WaddJa00
36,Justin Herbert,LAC,QB,24,1,1,26,34,279,3,0,4,1,0.25,0,0,0,0,,0,0,0,0,,,23,23.3,23.3,23.3,5,5,36,HerbJu00
37,Leonard Fournette,TAM,RB,27,1,1,0,0,0,0,0,21,127,6.05,0,2,2,10,5.00,0,0,0,0,,,14,15.7,18.7,14.7,5,14,37,FourLe00
38,Mike Evans,TAM,WR,29,1,1,0,0,0,0,0,0,0,,0,7,5,71,14.20,1,0,0,1,,,13,18.1,18.1,15.6,5,16,38,EvanMi00
39,Sterling Shepard,NYG,WR,29,1,0,0,0,0,0,0,0,0,,0,4,2,71,35.50,1,0,0,1,,,13,15.1,15.1,14.1,5,15,39,ShepSt00
40,Will Dissly,SEA,TE,26,1,1,0,0,0,0,0,0,0,,0,3,3,43,14.33,1,0,0,1,,,10,13.3,13.3,11.8,4,5,40,DissWi00
41,Colby Parkinson,SEA,TE,23,1,0,0,0,0,0,0,0,0,,0,2,2,43,21.50,1,0,0,1,,,10,12.3,12.3,11.3,4,6,41,ParkCo02
42,Antonio Gibson,WAS,RB,24,1,1,0,0,0,0,0,14,58,4.14,0,8,7,72,10.29,0,0,0,0,,,13,20.0,20.0,16.5,4,15,42,GibsAn00
43,Amon-Ra St. Brown,DET,WR,23,1,1,0,0,0,0,0,0,0,,0,12,8,64,8.00,1,0,0,1,,,12,20.4,20.4,16.4,4,17,43,StxxAm00
44,DeAndre Carter,LAC,WR,29,1,0,0,0,0,0,0,0,0,,0,4,3,64,21.33,1,0,0,1,,,12,15.4,15.4,13.9,4,18,44,CartDe02
45,Jameis Winston,NOR,QB,28,1,1,23,34,269,2,0,2,9,4.50,0,0,0,0,,0,0,0,0,,1,22,21.7,21.7,21.7,3,6,45,WinsJa00
46,Isiah Pacheco,KAN,RB,22,1,0,0,0,0,0,0,12,62,5.17,1,0,0,0,,0,1,0,1,,,12,12.2,12.2,12.2,3,16,46,PachIs00
47,Rashod Bateman,BAL,WR,23,1,1,0,0,0,0,0,0,0,,0,5,2,59,29.50,1,0,0,1,,,12,13.9,13.9,12.9,3,19,47,BateRa00
48,Zach Ertz,ARI,TE,32,1,1,0,0,0,0,0,0,0,,0,4,2,14,7.00,1,0,0,1,1,,9,11.4,11.4,10.4,3,7,48,ErtzZa00
49,Terry McLaurin,WAS,WR,27,1,1,0,0,0,0,0,0,0,,0,4,2,58,29.00,1,0,0,1,,,12,13.8,13.8,12.8,3,20,49,McLaTe00
50,Christian Kirk,JAX,WR,26,1,1,0,0,0,0,0,0,0,,0,12,6,117,19.50,0,0,0,0,,,12,17.7,20.7,14.7,3,21,50,KirkCh01
51,Christian McCaffrey,CAR,RB,26,1,1,0,0,0,0,0,10,33,3.30,1,4,4,24,6.00,0,0,0,1,,,12,15.7,15.7,13.7,3,17,51,McCaCh01
52,Jarvis Landry,NOR,WR,30,1,1,0,0,0,0,0,0,0,,0,9,7,114,16.29,0,0,0,0,,,11,18.4,21.4,14.9,3,22,52,LandJa00
53,James Conner,ARI,RB,27,1,1,0,0,0,0,0,10,26,2.60,1,6,5,29,5.80,0,1,0,1,,,12,16.5,16.5,14.0,3,18,53,ConnJa00
54,Curtis Samuel,WAS,WR,26,1,0,0,0,0,0,0,4,17,4.25,0,11,8,55,6.88,1,1,1,1,,,11,19.2,20.2,15.2,3,24,54,SamuCu00
55,DJ Chark,DET,WR,26,1,1,0,0,0,0,0,0,0,,0,8,4,52,13.00,1,0,0,1,,,11,15.2,15.2,13.2,3,23,55,CharDJ00
56,Dante Pettis,CHI,WR,27,1,1,0,0,0,0,0,0,0,,0,1,1,51,51.00,1,0,0,1,,,11,12.1,12.1,11.6,3,25,56,PettDa00
57,Kyler Murray,ARI,QB,25,1,1,22,34,193,2,0,5,29,5.80,0,0,0,0,,0,1,0,0,,1,21,20.6,20.6,20.6,2,7,57,MurrKy00
58,Deebo Samuel,SFO,WR,26,1,1,0,0,0,0,0,8,52,6.50,1,8,2,14,7.00,0,1,1,1,,,11,12.6,13.6,11.6,2,26,58,SamuDe00
59,Lamar Jackson,BAL,QB,25,1,1,17,30,213,3,1,6,17,2.83,0,0,0,0,,0,0,0,0,,,20,20.2,21.2,21.2,2,8,59,JackLa00
60,Dalvin Cook,MIN,RB,27,1,1,0,0,0,0,0,20,90,4.50,0,5,3,18,6.00,0,0,0,0,,,11,13.8,13.8,12.3,2,19,60,CookDa01
61,Darren Waller,LVR,TE,30,1,1,0,0,0,0,0,0,0,,0,6,4,79,19.75,0,0,0,0,,,8,11.9,11.9,9.9,2,8,61,WallDa01
62,Marquise Brown,ARI,WR,25,1,1,0,0,0,0,0,0,0,,0,6,4,43,10.75,1,0,0,1,,,10,14.3,14.3,12.3,2,27,62,BrowMa04
63,Marcus Mariota,ATL,QB,29,1,1,20,33,215,0,0,12,72,6.00,1,0,0,0,,0,2,1,1,,,20,19.8,20.8,19.8,2,9,63,MariMa01
64,Khalil Herbert,CHI,RB,24,1,0,0,0,0,0,0,9,45,5.00,1,1,1,-2,-2.00,0,0,0,1,,,10,11.3,11.3,10.8,2,20,64,HerbKh00
65,Pat Freiermuth,PIT,TE,24,1,1,0,0,0,0,0,0,0,,0,10,5,75,15.00,0,0,0,0,,,8,12.5,12.5,10.0,1,9,65,FreiPa00
66,Tyreek Hill,MIA,WR,28,1,1,0,0,0,0,0,1,6,6.00,0,12,8,94,11.75,0,1,0,0,,,10,18.0,18.0,14.0,1,28,66,HillTy00
67,Tyler Conklin,NYJ,TE,27,1,1,0,0,0,0,0,0,0,,0,7,4,14,3.50,1,1,0,1,,,7,11.4,11.4,9.4,1,10,67,ConkTy00
68,Michael Carter,NYJ,RB,23,1,1,0,0,0,0,0,10,60,6.00,0,9,7,40,5.71,0,0,0,0,,,10,17.0,17.0,13.5,1,21,68,CartMi03
69,Ryan Tannehill,TEN,QB,34,1,1,20,33,266,2,0,2,7,3.50,0,0,0,0,,0,0,0,0,,,19,19.3,19.3,19.3,1,10,69,TannRy00
70,Kirk Cousins,MIN,QB,34,1,1,23,32,277,2,0,0,0,,0,0,0,0,,0,0,0,0,,,19,19.1,19.1,19.1,1,11,70,CousKi00
71,Tyler Boyd,CIN,WR,28,1,0,0,0,0,0,0,0,0,,0,7,4,33,8.25,1,0,0,1,,,9,13.3,13.3,11.3,1,29,71,BoydTy00
72,Kenneth Gainwell,PHI,RB,23,1,0,0,0,0,0,0,5,20,4.00,1,4,2,12,6.00,0,0,0,1,,,9,11.2,11.2,10.2,,22,72,GainKe00
73,Dalton Schultz,DAL,TE,26,1,1,0,0,0,0,0,0,0,,0,9,7,62,8.86,0,0,0,0,,,6,13.2,13.2,9.7,,11,73,SchuDa00
74,Julio Jones,TAM,WR,33,1,0,0,0,0,0,0,2,17,8.50,0,5,3,69,23.00,0,0,0,0,,,9,11.6,11.6,10.1,,30,74,JoneJu02
75,Derek Watt,PIT,,30,1,0,0,0,0,0,0,0,0,,0,0,0,0,,0,0,0,0,,,,,,,,3,75,WattDe00
76,Javonte Williams,DEN,RB,22,1,1,0,0,0,0,0,7,43,6.14,0,12,11,65,5.91,0,1,1,0,,,9,19.8,20.8,14.3,,23,76,WillJa10
77,Chris Myarick,NYG,TE,27,1,1,0,0,0,0,0,0,0,,0,1,1,1,1.00,1,0,0,1,,,6,7.1,7.1,6.6,,13,77,MyarCh00
78,Michael Burton,KAN,,30,1,0,0,0,0,0,0,0,0,,0,0,0,0,,0,0,0,0,,,,,,,,1,78,BurtMi00
79,Baker Mayfield,CAR,QB,27,1,1,16,27,235,1,1,5,6,1.20,1,0,0,0,,0,4,0,1,,,18,18.0,19.0,19.0,,13,,MayfBa00
80,Joe Burrow,CIN,QB,26,1,1,33,53,338,2,4,6,47,7.83,0,0,0,0,,0,2,1,0,,1,18,18.2,26.2,22.2,,12,,BurrJo01
81,Russell Wilson,DEN,QB,34,1,1,29,42,340,1,0,1,2,2.00,0,0,0,0,,0,0,0,0,,,18,17.8,20.8,17.8,,14,,WilsRu00
82,Geno Smith,SEA,QB,32,1,1,23,28,195,2,0,6,14,2.33,0,0,0,0,,0,1,0,0,,,17,17.2,17.2,17.2,,15,,SmitGe00
83,Jared Goff,DET,QB,28,1,1,21,37,215,2,1,2,9,4.50,0,0,0,0,,0,1,0,0,,,16,15.5,16.5,16.5,,17,,GoffJa00
84,Davis Mills,HOU,QB,24,1,1,23,37,240,2,0,2,-1,-0.50,0,0,0,0,,0,1,1,0,,,16,15.5,16.5,15.5,,18,,MillDa02
85,Daniel Jones,NYG,QB,25,1,1,17,21,188,2,1,6,25,4.17,0,0,0,0,,0,1,1,0,,1,16,16.0,18.0,17.0,,16,,JoneDa05
86,Matt Ryan,IND,QB,37,1,1,32,50,352,1,1,4,12,3.00,0,0,0,0,,0,4,1,0,,,15,15.3,20.3,16.3,,19,,RyanMa00
87,Tua Tagovailoa,MIA,QB,24,1,1,23,33,270,1,0,2,0,0.00,0,0,0,0,,0,1,0,0,,,15,14.8,14.8,14.8,,20,,TagoTu00
88,Justin Fields,CHI,QB,23,1,1,8,17,121,2,1,11,28,2.55,0,0,0,0,,0,0,0,0,,,14,13.6,14.6,14.6,,23,,FielJu00
89,Joe Flacco,NYJ,QB,37,1,1,37,59,307,1,1,1,0,0.00,0,0,0,0,,0,0,0,0,,,14,14.3,18.3,15.3,,21,,FlacJo00
90,Derek Carr,LVR,QB,31,1,1,22,37,295,2,3,0,0,,0,0,0,0,,0,2,0,0,,,14,13.8,16.8,16.8,,22,,CarrDe02
91,Trevor Lawrence,JAX,QB,23,1,1,24,42,275,1,1,2,4,2.00,0,0,0,0,,0,0,0,0,,,13,13.4,14.4,14.4,,24,,LawrTr00
92,Mitchell Trubisky,PIT,QB,28,1,1,21,38,194,1,0,3,9,3.00,0,0,0,0,,0,0,0,0,,,13,12.7,12.7,12.7,,25,,TrubMi00
93,Jacoby Brissett,CLE,QB,30,1,1,18,34,147,1,0,4,10,2.50,0,0,0,0,,0,0,0,0,,,11,10.9,10.9,10.9,,26,,BrisJa00
94,Trey Lance,SFO,QB,22,1,1,13,28,164,0,1,13,54,4.15,0,0,0,0,,0,1,0,0,,,10,10.0,11.0,11.0,,28,,LancTr00
95,Tom Brady,TAM,QB,45,1,1,18,27,212,1,1,2,-1,-0.50,0,0,0,0,,0,0,0,0,,,10,10.4,11.4,11.4,,27,,BradTo00
96,Mac Jones,NWE,QB,24,1,1,21,30,213,1,1,2,0,0.00,0,0,0,0,,0,1,1,0,,,9,8.5,10.5,9.5,,29,,JoneMa05
97,Najee Harris,PIT,RB,24,1,1,0,0,0,0,0,10,23,2.30,0,2,2,3,1.50,1,0,0,1,,,9,10.6,10.6,9.6,,25,,HarrNa00
98,Brandon Bolden,LVR,RB,32,1,0,0,0,0,0,0,3,7,2.33,0,2,2,21,10.50,1,0,0,1,,,9,10.8,10.8,9.8,,24,,BoldBr00
99,Isaiah McKenzie,BUF,WR,27,1,1,0,0,0,0,0,0,0,,0,3,2,19,9.50,1,0,0,1,,,8,9.9,9.9,8.9,,32,,McKeIs00
100,Equanimeous St. Brown,CHI,WR,26,1,1,0,0,0,0,0,0,0,,0,3,1,18,18.00,1,0,0,1,,,8,8.8,8.8,8.3,,33,,St.BEq00
101,Aaron Jones,GNB,RB,28,1,1,0,0,0,0,0,5,49,9.80,0,5,3,27,9.00,0,0,0,0,,,8,10.6,10.6,9.1,,27,,JoneAa00
102,Brandin Cooks,HOU,WR,29,1,1,0,0,0,0,0,0,0,,0,12,7,82,11.71,0,0,0,0,,,8,15.2,15.2,11.7,,31,,CookBr00
103,Mecole Hardman,KAN,WR,24,1,1,0,0,0,0,0,0,0,,0,6,3,16,5.33,1,0,0,1,,,8,10.6,10.6,9.1,,35,,HardMe00
104,Corey Davis,NYJ,WR,27,1,0,0,0,0,0,0,0,0,,0,9,6,77,12.83,0,0,0,0,,,8,13.7,13.7,10.7,,34,,DaviCo03
105,Derrick Henry,TEN,RB,28,1,1,0,0,0,0,0,21,82,3.90,0,1,0,0,,0,1,0,0,,,8,8.2,8.2,8.2,,26,,HenrDe00
106,Matthew Stafford,LAR,QB,34,1,1,29,41,240,1,3,1,2,2.00,0,0,0,0,,0,1,0,0,,,8,7.8,10.8,10.8,,30,,StafMa00
107,Drake London,ATL,WR,21,1,0,0,0,0,0,0,0,0,,0,7,5,74,14.80,0,0,0,0,,,7,12.4,12.4,9.9,,36,,LondDr00
108,Noah Brown,DAL,WR,26,1,1,0,0,0,0,0,0,0,,0,9,5,68,13.60,0,0,0,0,,,7,11.8,11.8,9.3,,39,,BrowNo00
109,Courtland Sutton,DEN,WR,27,1,1,0,0,0,0,0,0,0,,0,7,4,72,18.00,0,0,0,0,,,7,11.2,11.2,9.2,,38,,SuttCo00
110,Rex Burkhead,HOU,RB,32,1,0,0,0,0,0,0,14,40,2.86,0,8,5,30,6.00,0,0,0,0,,,7,12.0,12.0,9.5,,31,,BurkRe00
111,Travis Etienne,JAX,RB,23,1,0,0,0,0,0,0,4,47,11.75,0,4,2,18,9.00,0,1,0,0,,,7,8.5,8.5,7.5,,35,,EtieTr00
112,Zay Jones,JAX,WR,27,1,1,0,0,0,0,0,0,0,,0,9,6,65,10.83,0,0,0,0,,,7,12.5,12.5,9.5,,41,,JoneZa00
113,Chase Edmonds,MIA,RB,26,1,1,0,0,0,0,0,12,25,2.08,0,4,4,40,10.00,0,0,0,0,,,7,10.5,10.5,8.5,,36,,EdmoCh00
114,Ty Montgomery,NWE,WR,29,1,0,0,0,0,0,0,2,-2,-1.00,0,4,3,15,5.00,1,0,0,1,,,7,10.3,10.3,8.8,,37,,MontTy01
115,Boston Scott,PHI,RB,27,1,0,0,0,0,0,0,4,10,2.50,1,0,0,0,,0,0,0,1,,,7,7.0,7.0,7.0,,32,,ScotBo02
116,Josh Jacobs,LVR,RB,24,1,1,0,0,0,0,0,10,57,5.70,0,1,1,16,16.00,0,0,0,0,,,7,8.3,8.3,7.8,,28,,JacoJo01
117,Darrell Henderson,LAR,RB,25,1,1,0,0,0,0,0,13,47,3.62,0,5,5,26,5.20,0,0,0,0,,,7,12.3,12.3,9.8,,29,,HendDa00
118,Keenan Allen,LAC,WR,30,1,1,0,0,0,0,0,0,0,,0,4,4,66,16.50,0,0,0,0,,,7,10.6,10.6,8.6,,40,,AlleKe00
119,Austin Ekeler,LAC,RB,27,1,1,0,0,0,0,0,14,36,2.57,0,4,4,36,9.00,0,0,0,0,,,7,11.2,11.2,9.2,,30,,EkelAu00
120,Zander Horvath,LAC,RB,24,1,0,0,0,0,0,0,1,2,2.00,0,2,2,6,3.00,1,0,0,1,,,7,8.8,8.8,7.8,,33,,HorvZa00
121,Rashaad Penny,SEA,RB,26,1,1,0,0,0,0,0,12,60,5.00,0,3,2,7,3.50,0,1,0,0,,,7,8.7,8.7,7.7,,34,,PennRa00
122,Devin Singletary,BUF,RB,25,1,1,0,0,0,0,0,8,48,6.00,0,2,2,14,7.00,0,0,0,0,,,6,8.2,8.2,7.2,,37,,SingDe00
123,Donovan Peoples-Jones,CLE,WR,23,1,1,0,0,0,0,0,0,0,,0,11,6,60,10.00,0,0,0,0,,,6,12.0,12.0,9.0,,47,,PeopDo00
124,Eno Benjamin,ARI,RB,23,1,0,0,0,0,0,0,4,28,7.00,0,4,3,33,11.00,0,0,0,0,,,6,9.1,9.1,7.6,,38,,BenjEn00
125,Greg Dortch,ARI,WR,24,1,1,0,0,0,0,0,0,0,,0,9,7,63,9.00,0,0,0,0,,,6,13.3,13.3,9.8,,42,,DortGr01
126,Joe Fortson,KAN,TE,27,1,0,0,0,0,0,0,0,0,,0,1,1,1,1.00,1,0,0,1,,,6,7.1,7.1,6.6,,12,,FortJo01
127,JuJu Smith-Schuster,KAN,WR,26,1,1,0,0,0,0,0,0,0,,0,8,6,79,13.17,0,2,1,0,,,6,11.9,12.9,8.9,,48,,SmitJu00
128,Chris Olave,NOR,WR,22,1,0,0,0,0,0,0,0,0,,0,3,3,41,13.67,0,0,0,0,1,,6,9.1,9.1,7.6,,45,,OlavCh00
129,Damien Harris,NWE,RB,25,1,1,0,0,0,0,0,9,48,5.33,0,3,2,10,5.00,0,0,0,0,,,6,7.8,7.8,6.8,,39,,HarrDa06
130,Jakobi Meyers,NWE,WR,26,1,1,0,0,0,0,0,1,7,7.00,0,6,4,55,13.75,0,0,0,0,,,6,10.2,10.2,8.2,,43,,MeyeJa01
131,Richie James,NYG,WR,27,1,0,0,0,0,0,0,1,2,2.00,0,6,5,59,11.80,0,0,0,0,,,6,11.1,11.1,8.6,,46,,JameRi00
132,Treylon Burks,TEN,WR,22,1,0,0,0,0,0,0,0,0,,0,5,3,55,18.33,0,0,0,0,,,6,8.5,8.5,7.0,,49,,BurkTr00
133,Dallas Goedert,PHI,TE,27,1,1,0,0,0,0,0,0,0,,0,4,3,60,20.00,0,0,0,0,,,6,9.0,9.0,7.5,,14,,GoedDa00
134,Diontae Johnson,PIT,WR,26,1,1,0,0,0,0,0,0,0,,0,12,7,55,7.86,0,1,0,0,,,6,12.5,12.5,9.0,,50,,JohnDi01
135,Jauan Jennings,SFO,WR,25,1,1,0,0,0,0,0,0,0,,0,6,4,62,15.50,0,0,0,0,,,6,10.2,10.2,8.2,,44,,JennJa00
136,D.J. Moore,CAR,WR,25,1,1,0,0,0,0,0,1,7,7.00,0,6,3,43,14.33,0,0,0,0,,,5,8.0,8.0,6.5,,53,,MoorD.00
137,Ian Thomas,CAR,TE,26,1,1,0,0,0,0,0,0,0,,0,3,2,53,26.50,0,0,0,0,,,5,7.3,7.3,6.3,,15,,ThomIa00
138,David Montgomery,CHI,RB,25,1,1,0,0,0,0,0,17,26,1.53,0,4,3,24,8.00,0,0,0,0,,,5,8.0,8.0,6.5,,42,,MontDa01
139,Hayden Hurst,CIN,TE,29,1,1,0,0,0,0,0,0,0,,0,8,5,46,9.20,0,0,0,0,,,5,9.6,9.6,7.1,,18,,HursHa00
140,Ashton Dulin,IND,WR,25,1,0,0,0,0,0,0,0,0,,0,6,3,46,15.33,0,0,0,0,,,5,7.6,7.6,6.1,,57,,DuliAs00
141,Nyheim Hines,IND,RB,26,1,0,0,0,0,0,0,3,4,1.33,0,6,6,50,8.33,0,1,0,0,,,5,11.4,11.4,8.4,,40,,HineNy00
142,Ezekiel Elliott,DAL,RB,27,1,1,0,0,0,0,0,10,52,5.20,0,2,1,-3,-3.00,0,0,0,0,,,5,5.9,5.9,5.4,,43,,ElliEz00
143,Andrew Beck,DEN,TE,26,1,1,0,0,0,0,0,0,0,,0,3,2,52,26.00,0,0,0,0,,,5,7.2,7.2,6.2,,16,,BeckAn01
144,Melvin Gordon,DEN,RB,29,1,0,0,0,0,0,0,12,58,4.83,0,2,2,14,7.00,0,1,1,0,,,5,7.2,8.2,6.2,,41,,GordMe00
145,Romeo Doubs,GNB,WR,22,1,0,0,0,0,0,0,1,11,11.00,0,5,4,37,9.25,0,0,0,0,,,5,8.8,8.8,6.8,,55,,DoubRo00
146,Jerick McKinnon,KAN,RB,30,1,0,0,0,0,0,0,4,22,5.50,0,4,3,27,9.00,0,0,0,0,,,5,7.9,7.9,6.4,,44,,McKiJe00
147,Alvin Kamara,NOR,RB,27,1,1,0,0,0,0,0,9,39,4.33,0,4,3,7,2.33,0,0,0,0,,,5,7.6,7.6,6.1,,46,,KamaAl00
148,Elijah Moore,NYJ,WR,22,1,1,0,0,0,0,0,0,0,,0,7,5,49,9.80,0,0,0,0,,,5,9.9,9.9,7.4,,54,,MoorEl00
149,Garrett Wilson,NYJ,WR,22,1,0,0,0,0,0,0,0,0,,0,8,4,52,13.00,0,0,0,0,,,5,9.2,9.2,7.2,,52,,WilsGa00
150,Kyle Philips,TEN,WR,23,1,0,0,0,0,0,0,0,0,,0,9,6,66,11.00,0,1,1,0,,,5,10.6,11.6,7.6,,58,,PhilKy01
151,Chase Claypool,PIT,WR,24,1,1,0,0,0,0,0,6,36,6.00,0,6,4,18,4.50,0,0,0,0,,,5,9.4,9.4,7.4,,51,,ClayCh01
152,Mark Andrews,BAL,TE,27,1,1,0,0,0,0,0,0,0,,0,7,5,52,10.40,0,0,0,0,,,5,10.2,10.2,7.7,,17,,AndrMa00
153,Kenyan Drake,BAL,RB,28,1,1,0,0,0,0,0,11,31,2.82,0,1,1,15,15.00,0,0,0,0,,,5,5.6,5.6,5.1,,47,,DrakKe00
154,Brandon Aiyuk,SFO,WR,24,1,1,0,0,0,0,0,1,7,7.00,0,2,2,40,20.00,0,0,0,0,,,5,6.7,6.7,5.7,,56,,AiyuBr00
155,J.D. McKissic,WAS,RB,29,1,0,0,0,0,0,0,3,8,2.67,0,3,3,20,6.67,0,0,0,0,1,,5,7.8,7.8,6.3,,45,,McKiJ.00
156,Logan Thomas,WAS,TE,31,1,1,0,0,0,0,0,0,0,,0,6,3,45,15.00,0,0,0,0,,,5,7.5,7.5,6.0,,19,,ThomLo00
157,KhaDarel Hodge,ATL,WR,27,1,1,0,0,0,0,0,0,0,,0,3,3,38,12.67,0,0,0,0,,,4,6.8,6.8,5.3,,63,,HodgKh00
158,Samaje Perine,CIN,RB,27,1,0,0,0,0,0,0,1,4,4.00,0,5,3,33,11.00,0,0,0,0,,,4,6.7,6.7,5.2,,51,,PeriSa00
159,Anthony Schwartz,CLE,WR,22,1,0,0,0,0,0,0,2,20,10.00,0,2,1,19,19.00,0,0,0,0,,,4,4.9,4.9,4.4,,62,,SchwAn00
160,Parris Campbell,IND,WR,25,1,1,0,0,0,0,0,0,0,,0,4,3,37,12.33,0,0,0,0,,,4,6.7,6.7,5.2,,65,,CampPa00
161,Mike Strachan,IND,WR,25,1,0,0,0,0,0,0,0,0,,0,2,2,36,18.00,0,0,0,0,,,4,5.6,5.6,4.6,,67,,StraMi03
162,Dak Prescott,DAL,QB,29,1,1,14,29,134,0,1,2,11,5.50,0,0,0,0,,0,0,0,0,,,4,4.5,5.5,5.5,,31,,PresDa01
163,T.J. Hockenson,DET,TE,25,1,1,0,0,0,0,0,0,0,,0,7,4,38,9.50,0,0,0,0,,,4,7.8,7.8,5.8,,23,,HockTJ00
164,Aaron Rodgers,GNB,QB,39,1,1,22,34,195,0,1,1,-1,-1.00,0,0,0,0,,0,1,1,0,,,4,3.7,5.7,4.7,,32,,RodgAa00
165,Robert Tonyan,GNB,TE,28,1,1,0,0,0,0,0,0,0,,0,5,3,36,12.00,0,0,0,0,,,4,6.6,6.6,5.1,,24,,TonyRo00
166,Christian Watson,GNB,WR,23,1,1,0,0,0,0,0,1,7,7.00,0,4,2,34,17.00,0,0,0,0,,,4,6.1,6.1,5.1,,59,,WatsCh00
167,Dameon Pierce,HOU,RB,22,1,1,0,0,0,0,0,11,33,3.00,0,1,1,6,6.00,0,0,0,0,,,4,4.9,4.9,4.4,,50,,PierDa01
168,Marvin Jones,JAX,WR,32,1,1,0,0,0,0,0,0,0,,0,6,4,38,9.50,0,0,0,0,,,4,7.8,7.8,5.8,,64,,JoneMa02
169,Marquez Valdes-Scantling,KAN,WR,28,1,1,0,0,0,0,0,1,-3,-3.00,0,4,4,44,11.00,0,0,0,0,,,4,8.1,8.1,6.1,,60,,ValdMa00
170,Alexander Mattison,MIN,RB,24,1,0,0,0,0,0,0,8,36,4.50,0,0,0,0,,0,0,0,0,,,4,3.6,3.6,3.6,,52,,MattAl01
171,Adam Thielen,MIN,WR,32,1,1,0,0,0,0,0,0,0,,0,4,3,36,12.00,0,0,0,0,,,4,6.6,6.6,5.1,,68,,ThieAd00
172,Juwan Johnson,NOR,TE,26,1,0,0,0,0,0,0,0,0,,0,5,2,43,21.50,0,0,0,0,,,4,6.3,6.3,5.3,,20,,JohnJu02
173,Kendrick Bourne,NWE,WR,27,1,0,0,0,0,0,0,0,0,,0,1,1,41,41.00,0,0,0,0,,,4,5.1,5.1,4.6,,61,,BourKe00
174,Braxton Berrios,NYJ,WR,27,1,0,0,0,0,0,0,0,0,,0,6,5,37,7.40,0,0,0,0,,,4,8.7,8.7,6.2,,66,,BerrBr00
175,Breece Hall,NYJ,RB,21,1,0,0,0,0,0,0,6,23,3.83,0,10,6,38,6.33,0,1,1,0,,,4,10.1,11.1,7.1,,48,,HallBr03
176,Zach Gentry,PIT,TE,26,1,0,0,0,0,0,0,0,0,,0,2,2,40,20.00,0,0,0,0,,,4,6.0,6.0,5.0,,21,,GentZa00
177,Tyler Higbee,LAR,TE,29,1,1,0,0,0,0,0,0,0,,0,11,5,39,7.80,0,0,0,0,,,4,8.9,8.9,6.4,,22,,HigbTy00
178,Joshua Kelley,LAC,RB,25,1,0,0,0,0,0,0,4,21,5.25,0,2,2,14,7.00,0,0,0,0,,,4,5.5,5.5,4.5,,53,,KellJo01
179,Elijah Mitchell,SFO,RB,24,1,1,0,0,0,0,0,6,41,6.83,0,0,0,0,,0,0,0,0,,,4,4.1,4.1,4.1,,49,,MitcEl00
180,Chris Godwin,TAM,WR,26,1,1,0,0,0,0,0,0,0,,0,3,3,35,11.67,0,0,0,0,,,4,6.5,6.5,5.0,,69,,GodwCh00
181,Olamide Zaccheaus,ATL,WR,25,1,1,0,0,0,0,0,0,0,,0,4,4,49,12.25,0,1,1,0,,,3,6.9,7.9,4.9,,72,,ZaccOl01
182,Jamison Crowder,BUF,WR,29,1,0,0,0,0,0,0,0,0,,0,4,3,28,9.33,0,0,0,0,,,3,5.8,5.8,4.3,,74,,CrowJa00
183,Tee Higgins,CIN,WR,23,1,1,0,0,0,0,0,0,0,,0,2,2,27,13.50,0,0,0,0,,,3,4.7,4.7,3.7,,78,,HiggTe00
184,Mike Thomas,CIN,WR,28,1,0,0,0,0,0,0,0,0,,0,5,1,5,5.00,0,0,0,0,1,,3,3.5,3.5,3.0,,80,,ThomMi04
185,Mo Alie-Cox,IND,TE,29,1,1,0,0,0,0,0,0,0,,0,2,2,26,13.00,0,0,0,0,,,3,4.6,4.6,3.6,,29,,AlieMo00
186,CeeDee Lamb,DAL,WR,23,1,1,0,0,0,0,0,0,0,,0,11,2,29,14.50,0,0,0,0,,,3,4.9,4.9,3.9,,73,,LambCe00
187,Cooper Rush,DAL,QB,29,1,0,7,13,64,0,0,0,0,,0,0,0,0,,0,0,0,0,,,3,2.6,2.6,2.6,,34,,RushCo00
188,Albert Okwuegbunam,DEN,TE,24,1,0,0,0,0,0,0,0,0,,0,6,5,33,6.60,0,0,0,0,,,3,8.3,8.3,5.8,,25,,OkwuAl00
189,Josh Reynolds,DET,WR,27,1,1,0,0,0,0,0,0,0,,0,3,1,28,28.00,0,0,0,0,,,3,3.8,3.8,3.3,,75,,ReynJo00
190,Josiah Deguara,GNB,TE,25,1,0,0,0,0,0,0,0,0,,0,2,2,28,14.00,0,0,0,0,,,3,4.8,4.8,3.8,,27,,DeguJo00
191,Jordan Love,GNB,QB,24,1,0,4,5,65,0,0,0,0,,0,0,0,0,,0,0,0,0,,,3,2.6,2.6,2.6,,33,,LoveJo03
192,Nico Collins,HOU,WR,23,1,1,0,0,0,0,0,0,0,,0,3,2,26,13.00,0,0,0,0,,,3,4.6,4.6,3.6,,79,,CollNi00
193,Chris Moore,HOU,WR,29,1,0,0,0,0,0,0,0,0,,0,3,3,31,10.33,0,0,0,0,,,3,6.1,6.1,4.6,,70,,MoorCh00
194,Evan Engram,JAX,TE,28,1,1,0,0,0,0,0,0,0,,0,4,4,28,7.00,0,0,0,0,,,3,6.8,6.8,4.8,,28,,EngrEv00
195,Skyy Moore,KAN,WR,22,1,0,0,0,0,0,0,0,0,,0,1,1,30,30.00,0,0,0,0,,,3,4.0,4.0,3.5,,71,,MoorSk01
196,Raheem Mostert,MIA,RB,30,1,0,0,0,0,0,0,5,16,3.20,0,1,1,16,16.00,0,0,0,0,,,3,4.2,4.2,3.7,,54,,MostRa00
197,Cedrick Wilson Jr.,MIA,WR,27,1,0,0,0,0,0,0,1,8,8.00,0,2,2,20,10.00,0,0,0,0,,,3,4.8,4.8,3.8,,76,,WilsCe01
198,Jonnu Smith,NWE,TE,27,1,1,0,0,0,0,0,0,0,,0,4,3,33,11.00,0,0,0,0,,,3,6.3,6.3,4.8,,26,,SmitJo01
199,Rhamondre Stevenson,NWE,RB,24,1,0,0,0,0,0,0,8,25,3.13,0,2,2,2,1.00,0,0,0,0,,,3,4.7,4.7,3.7,,56,,StevRh00
200,Ben Skowronek,LAR,WR,25,1,1,0,0,0,0,0,0,0,,0,6,4,25,6.25,0,0,0,0,,,3,6.5,6.5,4.5,,81,,SkowBe00
201,Tyler Lockett,SEA,WR,30,1,1,0,0,0,0,0,0,0,,0,4,3,28,9.33,0,0,0,0,,,3,5.8,5.8,4.3,,77,,LockTy00
202,Jeff Wilson,SFO,RB,27,1,0,0,0,0,0,0,9,22,2.44,0,2,2,8,4.00,0,0,0,0,,,3,5.0,5.0,4.0,,55,,WilsJe01
203,Kyle Pitts,ATL,TE,22,1,1,0,0,0,0,0,0,0,,0,7,2,19,9.50,0,0,0,0,,,2,3.9,3.9,2.9,,34,,PittKy00
204,Zack Moss,BUF,RB,25,1,0,0,0,0,0,0,6,15,2.50,0,6,6,21,3.50,0,1,1,0,,,2,7.6,8.6,4.6,,60,,MossZa00
205,Byron Pringle,CHI,WR,29,1,0,0,0,0,0,0,0,0,,0,2,1,22,22.00,0,0,0,0,,,2,3.2,3.2,2.7,,83,,PrinBy00
206,Harrison Bryant,CLE,TE,24,1,0,0,0,0,0,0,0,0,,0,4,2,18,9.00,0,0,0,0,,,2,3.8,3.8,2.8,,36,,BryaHa00
207,Amari Cooper,CLE,WR,28,1,1,0,0,0,0,0,0,0,,0,6,3,17,5.67,0,0,0,0,,,2,4.7,4.7,3.2,,91,,CoopAm00
208,Kylen Granson,IND,TE,24,1,0,0,0,0,0,0,0,0,,0,7,3,22,7.33,0,0,0,0,,,2,5.2,5.2,3.7,,32,,GranKy00
209,Trace McSorley,ARI,QB,27,1,0,2,4,12,0,0,3,20,6.67,0,0,0,0,,0,0,0,0,,,2,2.5,2.5,2.5,,35,,McSoTr00
210,Dennis Houston,DAL,WR,23,1,0,0,0,0,0,0,0,0,,0,5,2,16,8.00,0,0,0,0,,,2,3.6,3.6,2.6,,93,,HousDe01
211,Tony Pollard,DAL,RB,25,1,1,0,0,0,0,0,6,8,1.33,0,2,2,14,7.00,0,0,0,0,,,2,4.2,4.2,3.2,,58,,PollTo00
212,Sammy Watkins,GNB,WR,29,1,1,0,0,0,0,0,0,0,,0,3,3,18,6.00,0,0,0,0,,,2,4.8,4.8,3.3,,90,,WatkSa00
213,Juwann Winfree,GNB,WR,26,1,0,0,0,0,0,0,0,0,,0,1,1,17,17.00,0,0,0,0,,,2,2.7,2.7,2.2,,92,,WinfJu00
214,Pharaoh Brown,HOU,TE,28,1,1,0,0,0,0,0,0,0,,0,1,1,17,17.00,0,0,0,0,,,2,2.7,2.7,2.2,,37,,BrowPh01
215,Johnny Mundt,MIN,TE,28,1,1,0,0,0,0,0,0,0,,0,3,3,17,5.67,0,0,0,0,,,2,4.7,4.7,3.2,,38,,MundJo00
216,Hunter Henry,NWE,TE,28,1,1,0,0,0,0,0,0,0,,0,3,2,20,10.00,0,0,0,0,,,2,4.0,4.0,3.0,,33,,HenrHu00
217,Matt Breida,NYG,RB,27,1,0,0,0,0,0,0,5,24,4.80,0,0,0,0,,0,0,0,0,,,2,2.4,2.4,2.4,,57,,BreiMa00
218,Kenny Golladay,NYG,WR,29,1,1,0,0,0,0,0,0,0,,0,2,2,22,11.00,0,0,0,0,,,2,4.2,4.2,3.2,,84,,GollKe00
219,Kadarius Toney,NYG,WR,23,1,0,0,0,0,0,0,2,23,11.50,0,0,0,0,,0,0,0,0,,,2,2.3,2.3,2.3,,82,,ToneKa00
220,Cody Hollister,TEN,WR,29,1,0,0,0,0,0,0,0,0,,0,1,1,22,22.00,0,0,0,0,,,2,3.2,3.2,2.7,,85,,HollCo00
221,Geoff Swaim,TEN,TE,29,1,1,0,0,0,0,0,0,0,,0,4,3,19,6.33,0,0,0,0,,,2,4.9,4.9,3.4,,35,,SwaiGe00
222,Mack Hollins,LVR,WR,29,1,1,0,0,0,0,0,0,0,,0,1,1,16,16.00,0,0,0,0,,,2,2.6,2.6,2.1,,94,,HollMa00
223,Hunter Renfrow,LVR,WR,27,1,1,0,0,0,0,0,0,0,,0,6,3,21,7.00,0,1,0,0,,,2,5.1,5.1,3.6,,87,,RenfHu00
224,Demarcus Robinson,BAL,WR,28,1,0,0,0,0,0,0,0,0,,0,4,2,19,9.50,0,0,0,0,,,2,3.9,3.9,2.9,,89,,RobiDe01
225,Tre' McKitty,LAC,TE,23,1,0,0,0,0,0,0,0,0,,0,4,3,24,8.00,0,1,0,0,,,2,5.4,5.4,3.9,,30,,McKiTr00
226,Noah Fant,SEA,TE,25,1,1,0,0,0,0,0,0,0,,0,4,3,16,5.33,0,0,0,0,,,2,4.6,4.6,3.1,,39,,FantNo00
227,Marquise Goodwin,SEA,WR,32,1,0,0,0,0,0,0,0,0,,0,2,2,22,11.00,0,0,0,0,,,2,4.2,4.2,3.2,,86,,GoodMa00
228,D.K. Metcalf,SEA,WR,25,1,1,0,0,0,0,0,0,0,,0,7,7,36,5.14,0,1,1,0,,,2,8.6,9.6,5.1,,95,,MetcDK00
229,Ray-Ray McCloud,SFO,WR,26,1,0,0,0,0,0,0,0,0,,0,2,1,20,20.00,0,0,0,0,,,2,3.0,3.0,2.5,,88,,McClRa00
230,Rachaad White,TAM,RB,23,1,0,0,0,0,0,0,6,14,2.33,0,2,2,7,3.50,0,0,0,0,,,2,4.1,4.1,3.1,,59,,WhitRa01
231,Armani Rogers,WAS,TE,25,1,0,0,0,0,0,0,0,0,,0,1,1,23,23.00,0,0,0,0,,,2,3.3,3.3,2.8,,31,,RogeAr00
232,Anthony Firkser,ATL,TE,27,1,0,0,0,0,0,0,0,0,,0,2,1,6,6.00,0,0,0,0,,,1,1.6,1.6,1.1,,47,,FirkAn00
233,Parker Hesse,ATL,TE,27,1,0,0,0,0,0,0,0,0,,0,2,1,5,5.00,0,0,0,0,,,1,1.5,1.5,1.0,,49,,HessPa00
234,Dawson Knox,BUF,TE,26,1,1,0,0,0,0,0,0,0,,0,2,1,5,5.00,0,0,0,0,,,1,1.5,1.5,1.0,,50,,KnoxDa00
235,D'Onta Foreman,CAR,RB,26,1,0,0,0,0,0,0,2,5,2.50,0,0,0,0,,0,0,0,0,,,1,0.5,0.5,0.5,,68,,ForeDO00
236,Shi Smith,CAR,WR,24,1,1,0,0,0,0,0,0,0,,0,3,1,12,12.00,0,0,0,0,,,1,2.2,2.2,1.7,,103,,SmitSh03
237,Darnell Mooney,CHI,WR,25,1,1,0,0,0,0,0,0,0,,0,3,1,8,8.00,0,0,0,0,,,1,1.8,1.8,1.3,,111,,MoonDa00
238,David Njoku,CLE,TE,26,1,1,0,0,0,0,0,0,0,,0,1,1,7,7.00,0,0,0,0,,,1,1.7,1.7,1.2,,44,,NjokDa00
239,A.J. Green,ARI,WR,34,1,1,0,0,0,0,0,0,0,,0,4,2,13,6.50,0,0,0,0,,,1,3.3,3.3,2.3,,98,,GreeA.00
240,Andy Isabella,ARI,WR,26,1,0,0,0,0,0,0,0,0,,0,3,1,10,10.00,0,0,0,0,,,1,2.0,2.0,1.5,,107,,IsabAn00
241,Simi Fehoko,DAL,WR,25,1,0,0,0,0,0,0,0,0,,0,3,2,12,6.00,0,0,0,0,,,1,3.2,3.2,2.2,,104,,FehoSi00
242,Randall Cobb,GNB,WR,32,1,0,0,0,0,0,0,0,0,,0,3,2,14,7.00,0,0,0,0,,,1,3.4,3.4,2.4,,96,,CobbRa00
243,Jeff Driskel,HOU,TE,29,1,0,0,0,0,0,0,1,5,5.00,0,0,0,0,,0,0,0,0,,,1,0.5,0.5,0.5,,51,,DrisJe00
244,Troy Hairston,HOU,RB,24,1,0,0,0,0,0,0,0,0,,0,1,1,5,5.00,0,0,0,0,,,1,1.5,1.5,1.0,,69,,HairTr00
245,Brevin Jordan,HOU,TE,22,1,0,0,0,0,0,0,0,0,,0,2,1,5,5.00,0,0,0,0,,,1,1.5,1.5,1.0,,52,,JordBr00
246,Jamal Agnew,JAX,WR,27,1,0,0,0,0,0,0,1,6,6.00,0,1,1,6,6.00,0,0,0,0,,,1,2.2,2.2,1.7,,105,,AgneJa00
247,Noah Gray,KAN,TE,23,1,0,0,0,0,0,0,0,0,,0,2,1,10,10.00,0,0,0,0,,,1,2.0,2.0,1.5,,42,,GrayNo00
248,Alec Ingold,MIA,RB,26,1,1,0,0,0,0,0,1,2,2.00,0,2,1,8,8.00,0,0,0,0,,,1,2.0,2.0,1.5,,64,,IngoAl01
249,Trent Sherfield,MIA,WR,26,1,0,0,0,0,0,0,0,0,,0,2,1,8,8.00,0,0,0,0,,,1,1.8,1.8,1.3,,112,,SherTr00
250,Durham Smythe,MIA,TE,27,1,1,0,0,0,0,0,0,0,,0,2,1,14,14.00,0,0,0,0,,,1,2.4,2.4,1.9,,40,,SmytDu00
251,C.J. Ham,MIN,RB,29,1,0,0,0,0,0,0,0,0,,0,1,1,6,6.00,0,0,0,0,,,1,1.6,1.6,1.1,,67,,HamxC.00
252,K.J. Osborn,MIN,WR,25,1,1,0,0,0,0,0,0,0,,0,4,3,14,4.67,0,0,0,0,,,1,4.4,4.4,2.9,,97,,OsboKJ00
253,Nelson Agholor,NWE,WR,29,1,0,0,0,0,0,0,0,0,,0,5,3,28,9.33,0,1,1,0,,,1,3.8,4.8,2.3,,113,,AghoNe00
254,DeVante Parker,NWE,WR,29,1,1,0,0,0,0,0,0,0,,0,2,1,9,9.00,0,0,0,0,,,1,1.9,1.9,1.4,,109,,ParkDe01
255,Wan'Dale Robinson,NYG,WR,21,1,0,0,0,0,0,0,0,0,,0,1,1,5,5.00,0,0,0,0,,,1,1.5,1.5,1.0,,115,,RobiWa01
256,Austin Hooper,TEN,TE,28,1,0,0,0,0,0,0,0,0,,0,2,1,6,6.00,0,0,0,0,,,1,1.6,1.6,1.1,,48,,HoopAu00
257,Chigoziem Okonkwo,TEN,TE,23,1,0,0,0,0,0,0,1,-4,-4.00,0,1,1,11,11.00,0,0,0,0,,,1,1.7,1.7,1.2,,45,,OkonCh00
258,Nick Westbrook-Ikhine,TEN,WR,25,1,1,0,0,0,0,0,0,0,,0,2,1,13,13.00,0,0,0,0,,,1,2.3,2.3,1.8,,99,,WestNi00
259,Robert Woods,TEN,WR,30,1,1,0,0,0,0,0,0,0,,0,2,1,13,13.00,0,0,0,0,,,1,2.3,2.3,1.8,,100,,WoodRo02
260,Zach Pascal,PHI,WR,28,1,0,0,0,0,0,0,0,0,,0,1,1,7,7.00,0,0,0,0,,,1,1.7,1.7,1.2,,114,,PascZa00
261,Jaylen Warren,PIT,RB,24,1,0,0,0,0,0,0,3,7,2.33,0,1,0,0,,0,0,0,0,,,1,0.7,0.7,0.7,,65,,WarrJa01
262,Brandon Powell,LAR,WR,27,1,0,0,0,0,0,0,1,3,3.00,0,1,1,10,10.00,0,0,0,0,,,1,2.3,2.3,1.8,,101,,PoweBr00
263,Allen Robinson,LAR,WR,29,1,1,0,0,0,0,0,0,0,,0,2,1,12,12.00,0,0,0,0,,,1,2.2,2.2,1.7,,106,,RobiAl02
264,Mike Davis,BAL,RB,29,1,0,0,0,0,0,0,2,11,5.50,0,0,0,0,,0,1,0,0,,,1,1.1,1.1,1.1,,62,,DaviMi01
265,Justice Hill,BAL,RB,25,1,0,0,0,0,0,0,2,4,2.00,0,2,2,7,3.50,0,0,0,0,,,1,3.1,3.1,2.1,,63,,HillJu00
266,Patrick Ricard,BAL,RB,28,1,1,0,0,0,0,0,0,0,,0,1,1,7,7.00,0,0,0,0,,,1,1.7,1.7,1.2,,66,,RicaPa00
267,Sony Michel,LAC,RB,27,1,0,0,0,0,0,0,7,12,1.71,0,0,0,0,,0,0,0,0,,,1,1.2,1.2,1.2,,61,,MichSo00
268,Josh Palmer,LAC,WR,24,1,1,0,0,0,0,0,1,4,4.00,0,4,3,5,1.67,0,0,0,0,,,1,3.9,3.9,2.4,,110,,PalmJo00
269,Mike Williams,LAC,WR,28,1,1,0,0,0,0,0,0,0,,0,4,2,10,5.00,0,0,0,0,,,1,3.0,3.0,2.0,,108,,WillMi07
270,Ross Dwelley,SFO,TE,27,1,0,0,0,0,0,0,0,0,,0,2,1,11,11.00,0,0,0,0,,,1,2.1,2.1,1.6,,41,,DwelRo00
271,Tyler Kroft,SFO,TE,30,1,1,0,0,0,0,0,0,0,,0,2,1,9,9.00,0,0,0,0,,,1,1.9,1.9,1.4,,43,,KrofTy00
272,Cameron Brate,TAM,TE,31,1,1,0,0,0,0,0,0,0,,0,3,1,7,7.00,0,0,0,0,,,1,1.7,1.7,1.2,,46,,BratCa00
273,Russell Gage,TAM,WR,26,1,0,0,0,0,0,0,0,0,,0,2,2,13,6.50,0,0,0,0,,,1,3.3,3.3,2.3,,102,,GageRu00
274,Bryan Edwards,ATL,,24,1,1,0,0,0,0,0,0,0,,0,1,0,0,,0,0,0,0,,,,,,,,119,,EdwaBr01
275,Damien Williams,ATL,RB,30,1,1,0,0,0,0,0,2,2,1.00,0,0,0,0,,0,0,0,0,,,,0.2,0.2,0.2,,72,,WillDa05
276,Reggie Gilliam,BUF,,25,1,0,0,0,0,0,0,0,0,,0,0,0,0,,0,0,0,0,,,,,,,,58,,GillRe00
277,Taiwan Jones,BUF,,34,1,0,0,0,0,0,0,0,0,,0,0,0,0,,0,0,0,0,,,,,,,,76,,JoneTa00
278,Jake Kumerow,BUF,,30,1,0,0,0,0,0,0,0,0,,0,0,0,0,,0,0,0,0,,,,,,,,120,,KumeJa00
279,Tommy Sweeney,BUF,,27,1,0,0,0,0,0,0,0,0,,0,0,0,0,,0,0,0,0,,,,,,,,59,,SweeTo00
280,Chuba Hubbard,CAR,RB,23,1,0,0,0,0,0,0,1,3,3.00,0,0,0,0,,0,0,0,0,,,,0.3,0.3,0.3,,70,,HubbCh01
281,Giovanni Ricci,CAR,,26,1,0,0,0,0,0,0,0,0,,0,0,0,0,,0,0,0,0,,,,,,,,60,,RiccGi00
282,Andre Roberts,CAR,,34,1,0,0,0,0,0,0,0,0,,0,0,0,0,,0,0,0,0,,,,,,,,121,,RobeAn00
283,Tommy Tremble,CAR,TE,22,1,0,0,0,0,0,0,0,0,,0,1,1,1,1.00,0,0,0,0,,,,1.1,1.1,0.6,,56,,TremTo00
284,Khari Blasingame,CHI,,26,1,0,0,0,0,0,0,0,0,,0,0,0,0,,0,0,0,0,,,,,,,,77,,BlasKh00
285,Ryan Griffin,CHI,,32,1,0,0,0,0,0,0,0,0,,0,2,0,0,,0,0,0,0,,,,,,,,61,,GrifRy00
286,Cole Kmet,CHI,,23,1,1,0,0,0,0,0,0,0,,0,1,0,0,,0,0,0,0,,,,,,,,62,,KmetCo00
287,Ihmir Smith-Marsette,CHI,,23,1,0,0,0,0,0,0,0,0,,0,0,0,0,,0,0,0,0,,,,,,,,122,,SmitIh00
288,Chris Evans,CIN,,25,1,0,0,0,0,0,0,0,0,,0,0,0,0,,0,0,0,0,,,,,,,,78,,EvanCh02
289,Clark Harris,CIN,,38,1,0,0,0,0,0,0,0,0,,0,0,0,0,,0,0,0,0,,,,,,,,63,,HarrCl20
290,Stanley Morgan Jr.,CIN,,26,1,0,0,0,0,0,0,0,0,,0,0,0,0,,0,0,0,0,,,,,,,,123,,MorgSt02
291,Drew Sample,CIN,TE,26,1,1,0,0,0,0,0,0,0,,0,1,1,2,2.00,0,0,0,0,,,,1.2,1.2,0.7,,54,,SampDr00
292,Trent Taylor,CIN,,28,1,0,0,0,0,0,0,0,0,,0,0,0,0,,0,0,0,0,,,,,,,,124,,TaylTr02
293,Mitchell Wilcox,CIN,,26,1,0,0,0,0,0,0,0,0,,0,0,0,0,,0,0,0,0,,,,,,,,64,,WilcMi01
294,Demetric Felton,CLE,,24,1,0,0,0,0,0,0,0,0,,0,1,0,0,,0,1,0,0,,,,,,,,79,,FeltDe00
295,Jesse James,CLE,,28,1,0,0,0,0,0,0,0,0,,0,0,0,0,,0,0,0,0,,,,,,,,65,,JameJe00
296,Stephen Anderson,ARI,,29,1,0,0,0,0,0,0,0,0,,0,0,0,0,,0,0,0,0,,,,,,,,66,,AndeSt01
297,Jonathan Ward,ARI,,25,1,0,0,0,0,0,0,0,0,,0,0,0,0,,0,0,0,0,,,,,,,,80,,WardJo00
298,Darrel Williams,ARI,,27,1,0,0,0,0,0,0,0,0,,0,0,0,0,,0,0,0,0,,,,,,,,81,,WillDa10
299,Maxx Williams,ARI,,28,1,0,0,0,0,0,0,0,0,,0,0,0,0,,0,0,0,0,,,,,,,,67,,WillMa04
300,Rico Dowdle,DAL,,24,1,0,0,0,0,0,0,0,0,,0,0,0,0,,0,0,0,0,,,,,,,,82,,DowdRi01
301,Mike Boone,DEN,RB,27,1,0,0,0,0,0,0,0,0,,0,1,1,2,2.00,0,0,0,0,,,,1.2,1.2,0.7,,73,,BoonMi00
302,Tyrie Cleveland,DEN,,25,1,0,0,0,0,0,0,0,0,,0,0,0,0,,0,0,0,0,,,,,,,,125,,ClevTy00
303,KJ Hamler,DEN,,23,1,0,0,0,0,0,0,0,0,,0,1,0,0,,0,0,0,0,,,,,,,,126,,HamlKJ00
304,Eric Saubert,DEN,,28,1,0,0,0,0,0,0,0,0,,0,1,0,0,,0,0,0,0,,,,,,,,68,,SaubEr00
305,Eric Tomlinson,DEN,,30,1,1,0,0,0,0,0,0,0,,0,1,0,0,,0,0,0,0,,,,,,,,69,,TomlEr01
306,Quintez Cephus,DET,,24,1,0,0,0,0,0,0,0,0,,0,0,0,0,,0,0,0,0,,,,,,,,127,,CephQu00
307,Justin Jackson,DET,,26,1,0,0,0,0,0,0,0,0,,0,0,0,0,,0,0,0,0,,,,,,,,83,,JackJu01
308,Kalif Raymond,DET,,28,1,0,0,0,0,0,0,0,0,,0,2,0,0,,0,0,0,0,,,,,,,,128,,RaymKa00
309,Craig Reynolds,DET,,26,1,0,0,0,0,0,0,0,0,,0,0,0,0,,0,0,0,0,,,,,,,,84,,ReynCr00
310,Nate Sudfeld,DET,,29,1,0,0,0,0,0,0,0,0,,0,0,0,0,,0,0,0,0,,,,,,,,36,,SudfNa00
311,Tyler Davis,GNB,TE,25,1,0,0,0,0,0,0,0,0,,0,1,1,3,3.00,0,0,0,0,,,,1.3,1.3,0.8,,53,,DaviTy02
312,Marcedes Lewis,GNB,,38,1,1,0,0,0,0,0,0,0,,0,0,0,0,,0,0,0,0,,,,,,,,70,,LewiMa00
313,Amari Rodgers,GNB,,23,1,0,0,0,0,0,0,0,0,,0,0,0,0,,0,0,0,0,,,,,,,,129,,RodgAm00
314,Chris Conley,HOU,,30,1,0,0,0,0,0,0,0,0,,0,2,0,0,,0,0,0,0,,,,,,,,130,,ConlCh00
315,Phillip Dorsett,HOU,,29,1,0,0,0,0,0,0,0,0,,0,1,0,0,,0,0,0,0,,,,,,,,131,,DorsPh00
316,Dare Ogunbowale,HOU,,28,1,0,0,0,0,0,0,0,0,,0,0,0,0,,0,0,0,0,,,,,,,,85,,OgunDa00
317,Dan Arnold,JAX,,27,1,0,0,0,0,0,0,0,0,,0,0,0,0,,0,0,0,0,,,,,,,,132,,ArnoDa00
318,Luke Farrell,JAX,,25,1,0,0,0,0,0,0,0,0,,0,0,0,0,,0,0,0,0,,,,,,,,71,,FarrLu00
319,Jamycal Hasty,JAX,,26,1,0,0,0,0,0,0,0,0,,0,0,0,0,,0,0,0,0,,,,,,,,86,,HastJa02
320,Chris Manhertz,JAX,,30,1,0,0,0,0,0,0,0,0,,0,0,0,0,,0,0,0,0,,,,,,,,72,,ManhCh00
321,Chad Henne,KAN,,37,1,0,0,0,0,0,0,0,0,,0,0,0,0,,0,1,0,0,,,,,,,,37,,HennCh01
322,Justin Watson,KAN,,26,1,0,0,0,0,0,0,0,0,,0,1,0,0,,0,0,0,0,,,,,,,,133,,WatsJu01
323,Cethan Carter,MIA,,27,1,0,0,0,0,0,0,0,0,,0,0,0,0,,0,0,0,0,,,,,,,,73,,CartCe00
324,River Cracraft,MIA,,28,1,0,0,0,0,0,0,0,0,,0,0,0,0,,0,0,0,0,,,,,,,,134,,CracRi00
325,Myles Gaskin,MIA,,25,1,0,0,0,0,0,0,0,0,,0,0,0,0,,0,0,0,0,,,,,,,,87,,GaskMy00
326,Mike Gesicki,MIA,TE,27,1,0,0,0,0,0,0,0,0,,0,1,1,1,1.00,0,0,0,0,,,,1.1,1.1,0.6,,57,,GesiMi00
327,Hunter Long,MIA,,24,1,0,0,0,0,0,0,0,0,,0,0,0,0,,0,0,0,0,,,,,,,,74,,LongHu00
328,Ben Ellefson,MIN,TE,26,1,0,0,0,0,0,0,0,0,,0,1,1,2,2.00,0,0,0,0,,,,1.2,1.2,0.7,,55,,ElleBe00
329,Jalen Reagor,MIN,,23,1,0,0,0,0,0,0,0,0,,0,0,0,0,,0,0,0,0,,,,,,,,135,,ReagJa00
330,Irv Smith Jr.,MIN,,24,1,0,0,0,0,0,0,0,0,,0,2,0,0,,0,0,0,0,,,,,,,,75,,SmitIr01
331,Marquez Callaway,NOR,,24,1,0,0,0,0,0,0,0,0,,0,0,0,0,,0,0,0,0,,,,,,,,136,,CallMa01
332,Deonte Harty,NOR,WR,25,1,0,0,0,0,0,0,0,0,,0,1,1,4,4.00,0,0,0,0,,,,1.4,1.4,0.9,,116,,HarrDe07
333,Mark Ingram,NOR,RB,33,1,0,0,0,0,0,0,4,22,5.50,0,1,1,1,1.00,0,1,1,0,,,,1.3,2.3,0.8,,71,,IngrMa01
334,Tony Jones,NOR,,25,1,0,0,0,0,0,0,0,0,,0,0,0,0,,0,0,0,0,,,,,,,,88,,JoneTo04
335,Adam Trautman,NOR,,25,1,1,0,0,0,0,0,0,0,,0,0,0,0,,0,0,0,0,,,,,,,,76,,TrauAd00
336,Lil'Jordan Humphrey,NWE,,24,1,0,0,0,0,0,0,0,0,,0,0,0,0,,0,0,0,0,,,,,,,,137,,HumpLi01
337,Matthew Slater,NWE,,37,1,0,0,0,0,0,0,0,0,,0,0,0,0,,0,0,0,0,,,,,,,,138,,SlatMa00
338,Gary Brightwell,NYG,,23,1,0,0,0,0,0,0,0,0,,0,0,0,0,,0,0,0,0,,,,,,,,89,,BrigGa00
339,Tanner Hudson,NYG,,28,1,0,0,0,0,0,0,0,0,,0,0,0,0,,0,0,0,0,,,,,,,,77,,HudsTa00
340,Lawrence Cager,NYJ,,25,1,1,0,0,0,0,0,0,0,,0,1,0,0,,0,0,0,0,,,,,,,,139,,CageLa01
341,Justin Hardee,NYJ,,28,1,0,0,0,0,0,0,0,0,,0,0,0,0,,0,0,0,0,,,,,,,,140,,HardJu01
342,Ty Johnson,NYJ,,25,1,0,0,0,0,0,0,0,0,,0,0,0,0,,0,0,0,0,,,,,,,,90,,JohnTy02
343,Jeff Smith,NYJ,,25,1,0,0,0,0,0,0,0,0,,0,0,0,0,,0,0,0,0,,,,,,,,141,,SmitJe03
344,C.J. Uzomah,NYJ,,29,1,1,0,0,0,0,0,0,0,,0,0,0,0,,0,0,0,0,,,,,,,,78,,UzomC.00
345,Trenton Cannon,TEN,,28,1,0,0,0,0,0,0,0,0,,0,0,0,0,,0,0,0,0,,,,,,,,91,,CannTr00
346,Tory Carter,TEN,,23,1,1,0,0,0,0,0,0,0,,0,0,0,0,,0,0,0,0,,,,,,,,2,,CartTo01
347,Gardner Minshew II,PHI,,26,1,0,0,0,0,0,0,0,0,,0,0,0,0,,0,0,0,0,,,,,,,,38,,MinsGa00
348,DeVonta Smith,PHI,,24,1,1,0,0,0,0,0,0,0,,0,4,0,0,,0,0,0,0,,,,,,,,142,,SmitDe07
349,Jack Stoll,PHI,,24,1,1,0,0,0,0,0,0,0,,0,0,0,0,,0,0,0,0,,,,,,,,79,,StolJa00
350,Noah Togiai,PHI,,25,1,0,0,0,0,0,0,0,0,,0,1,0,0,,0,0,0,0,,,,,,,,80,,TogiNo00
351,Quez Watkins,PHI,,24,1,0,0,0,0,0,0,0,0,,0,0,0,0,,0,0,0,0,,,,,,,,143,,WatkQu00
352,Miles Boykin,PIT,,26,1,0,0,0,0,0,0,0,0,,0,1,0,0,,0,0,0,0,,,,,,,,144,,BoykMi00
353,Gunner Olszewski,PIT,,26,1,0,0,0,0,0,0,0,0,,0,0,0,0,,0,0,0,0,,,,,,,,145,,OlszGu00
354,George Pickens,PIT,WR,21,1,1,0,0,0,0,0,0,0,,0,3,1,3,3.00,0,0,0,0,,,,1.3,1.3,0.8,,117,,PickGe00
355,Benny Snell Jr.,PIT,,24,1,0,0,0,0,0,0,0,0,,0,0,0,0,,0,0,0,0,,,,,,,,92,,SnelBe00
356,Ameer Abdullah,LVR,,29,1,0,0,0,0,0,0,0,0,,0,1,0,0,,0,0,0,0,,,,,,,,93,,AbduAm00
357,Jesper Horsted,LVR,,25,1,0,0,0,0,0,0,0,0,,0,0,0,0,,0,0,0,0,,,,,,,,146,,HorsJe00
358,Jakob Johnson,LVR,RB,28,1,0,0,0,0,0,0,0,0,,0,1,1,1,1.00,0,0,0,0,,,,1.1,1.1,0.6,,75,,JohnJa12
359,Tyron Johnson,LVR,,26,1,0,0,0,0,0,0,0,0,,0,0,0,0,,0,0,0,0,,,,,,,,147,,JohnTy03
360,Foster Moreau,LVR,,25,1,0,0,0,0,0,0,0,0,,0,0,0,0,,0,0,0,0,,,,,,,,81,,MoreFo00
361,Cam Akers,LAR,RB,23,1,0,0,0,0,0,0,3,0,0.00,0,0,0,0,,0,0,0,0,,,,,,,,94,,AkerCa00
362,Tutu Atwell,LAR,,23,1,0,0,0,0,0,0,0,0,,0,1,0,0,,0,0,0,0,,,,,,,,148,,AtweTu00
363,Jake Funk,LAR,,24,1,0,0,0,0,0,0,0,0,,0,0,0,0,,0,0,0,0,,,,,,,,95,,FunkJa00
364,Brycen Hopkins,LAR,,25,1,0,0,0,0,0,0,0,0,,0,0,0,0,,0,0,0,0,,,,,,,,82,,HopkBr01
365,Matthew Orzech,LAR,,27,1,0,0,0,0,0,0,0,0,,0,0,0,0,,0,0,0,0,,,,,,,,83,,OrzeMa00
366,Keir Thomas,LAR,,24,1,0,0,0,0,0,0,0,0,,0,0,0,0,,0,0,0,0,,,,,,,,149,,ThomKe04
367,Josh Oliver,BAL,,25,1,0,0,0,0,0,0,0,0,,0,0,0,0,,0,0,0,0,,,,,,,,84,,OlivJo00
368,James Proche,BAL,,26,1,0,0,0,0,0,0,0,0,,0,0,0,0,,0,0,0,0,,,,,,,,150,,ProcJa00
369,Tylan Wallace,BAL,,23,1,0,0,0,0,0,0,0,0,,0,1,0,0,,0,0,0,0,,,,,,,,151,,WallTy00
370,Jalen Guyton,LAC,,25,1,0,0,0,0,0,0,0,0,,0,1,0,0,,0,0,0,0,,,,,,,,152,,GuytJa01
371,Richard Rodgers,LAC,,30,1,0,0,0,0,0,0,0,0,,0,1,0,0,,0,0,0,0,,,,,,,,85,,RodgRi00
372,DeeJay Dallas,SEA,,24,1,0,0,0,0,0,0,0,0,,0,0,0,0,,0,0,0,0,,,,,,,,96,,DallDe00
373,D'Wayne Eskridge,SEA,WR,25,1,0,0,0,0,0,0,0,0,,0,2,1,0,0.00,0,0,0,0,,,,1.0,1.0,0.5,,153,,EskrDW00
374,Penny Hart,SEA,,26,1,0,0,0,0,0,0,0,0,,0,0,0,0,,0,0,0,0,,,,,,,,154,,HartPe01
375,Travis Homer,SEA,RB,24,1,0,0,0,0,0,0,1,2,2.00,0,0,0,0,,0,0,0,0,,,,0.2,0.2,0.2,,74,,HomeTr00
376,Kyle Juszczyk,SFO,,31,1,0,0,0,0,0,0,0,0,,0,2,0,0,,0,0,0,0,,,,,,,,4,,JuszKy00
377,Malik Turner,SFO,,26,1,0,0,0,0,0,0,0,0,,0,0,0,0,,0,0,0,0,,,,,,,,155,,TurnMa00
378,Charlie Woerner,SFO,,25,1,0,0,0,0,0,0,0,0,,0,0,0,0,,0,0,0,0,,,,,,,,86,,WoerCh00
379,Giovani Bernard,TAM,,31,1,0,0,0,0,0,0,0,0,,0,0,0,0,,0,0,0,0,,,,,,,,97,,BernGi00
380,Jaelon Darden,TAM,WR,23,1,0,0,0,0,0,0,1,2,2.00,0,0,0,0,,0,0,0,0,,,,0.2,0.2,0.2,,118,,DardJa00
381,John Bates,WAS,,25,1,1,0,0,0,0,0,0,0,,0,1,0,0,,0,0,0,0,,,,,,,,87,,BateJo00
382,Dyami Brown,WAS,,23,1,0,0,0,0,0,0,0,0,,0,0,0,0,,0,0,0,0,,,,,,,,156,,BrowDy00
383,Dax Milne,WAS,,23,1,0,0,0,0,0,0,0,0,,0,1,0,0,,0,0,0,0,,,,,,,,157,,MilnDa00
384,Cam Sims,WAS,,26,1,0,0,0,0,0,0,0,0,,0,1,0,0,,0,0,0,0,,,,,,,,158,,SimsCa00
385,Jonathan Williams,WAS,,28,1,0,0,0,0,0,0,0,0,,0,0,0,0,,0,0,0,0,,,,,,,,98,,WillJo07
386,Breshad Perriman,TAM,WR,29,1,0,0,0,0,0,0,1,-7,-7.00,0,3,0,0,,0,0,0,0,,,-1,-0.7,-0.7,-0.7,,159,,PerrBr02
387,James Cook,BUF,RB,23,1,0,0,0,0,0,0,1,2,2.00,0,0,0,0,,0,1,1,0,,,-2,-1.8,-0.8,-1.8,,99,,CookJa01
